node_id,lat,lon,biomass_tonnage,days_since_harvest,time_window_start_hr,time_window_end_hr
DEPOT,30.900965,75.857277,0.0,999,0,24
FARM_001_PART1,30.775505,76.307991,15.0,7,7,18
FARM_001_PART2,30.775505,76.307991,12.0,7,7,18
FARM_002,30.50094,75.816526,15.0,8,8,20
FARM_004,30.925721,75.789222,13.7,10,9,19
FARM_005_PART1,30.767327,75.813347,15.0,19,9,19
FARM_005_PART2,30.767327,75.813347,13.6,19,9,19
FARM_006_PART1,30.99338,75.403727,15.0,9,7,19
FARM_006_PART2,30.99338,75.403727,8.2,9,7,19
FARM_008_PART1,30.841117,75.479315,15.0,15,8,16
FARM_008_PART2,30.841117,75.479315,4.9,15,8,16
FARM_009,30.659745,76.019799,14.4,6,7,19
FARM_011,30.998865,76.279151,7.7,8,10,20
FARM_012_PART1,30.672314,76.186015,15.0,13,6,20
FARM_012_PART2,30.672314,76.186015,0.7,13,6,20
FARM_014_PART1,30.599807,76.068619,15.0,5,7,17
FARM_014_PART2,30.599807,76.068619,13.7,5,7,17
FARM_017_PART1,31.372677,76.206191,15.0,14,8,16
FARM_017_PART2,31.372677,76.206191,11.7,14,8,16
FARM_018_PART1,31.111628,75.468168,15.0,19,6,19
FARM_018_PART2,31.111628,75.468168,3.2,19,6,19
FARM_019,30.964241,76.052793,9.2,7,10,18
FARM_020_PART1,30.604026,76.300131,15.0,19,9,17
FARM_020_PART2,30.604026,76.300131,8.0,19,9,17
FARM_021,31.025319,75.652911,8.2,12,9,19
FARM_022_PART1,31.293524,75.896619,15.0,7,6,16
FARM_022_PART2,31.293524,75.896619,14.2,7,6,16
FARM_023_PART1,30.6289,75.784385,15.0,9,8,18
FARM_023_PART2,30.6289,75.784385,14.5,9,8,18
FARM_024,30.818376,75.579385,8.6,12,8,16
FARM_025,30.804801,75.422169,12.6,12,7,18
FARM_026,30.701843,75.642117,6.1,17,7,17
FARM_028_PART1,30.9319,75.80506,15.0,4,8,18
FARM_028_PART2,30.9319,75.80506,6.6,4,8,18
FARM_030_PART1,30.551683,75.865476,15.0,3,9,19
FARM_030_PART2,30.551683,75.865476,10.9,3,9,19
FARM_031_PART1,31.078529,75.373865,15.0,19,9,19
FARM_031_PART2,31.078529,75.373865,5.4,19,9,19
FARM_032_PART1,31.341488,75.754849,15.0,8,6,18
FARM_032_PART2,31.341488,75.754849,5.5,8,6,18
FARM_033_PART1,30.742031,75.470751,15.0,10,8,19
FARM_033_PART2,30.742031,75.470751,15.0,10,8,19
FARM_033_PART3,30.742031,75.470751,2.7,10,8,19
FARM_034_PART1,30.57592,76.339445,15.0,17,7,16
FARM_034_PART2,30.57592,76.339445,5.5,17,7,16
FARM_035_PART1,30.494068,76.254493,15.0,9,6,18
FARM_035_PART2,30.494068,76.254493,15.0,9,6,18
FARM_035_PART3,30.494068,76.254493,2.0,9,6,18
FARM_037_PART1,31.3366,76.142618,15.0,3,6,18
FARM_037_PART2,31.3366,76.142618,10.1,3,6,18
FARM_039,30.625234,76.069456,12.1,16,9,18
FARM_040,31.058578,75.925586,7.8,19,10,18
FARM_042,30.596208,76.079729,13.4,3,6,16
FARM_043,31.395516,75.827222,13.4,6,8,19
FARM_044_PART1,30.416422,76.285596,15.0,3,9,16
FARM_044_PART2,30.416422,76.285596,2.8,3,9,16
FARM_046_PART1,30.957766,76.293432,15.0,8,7,17
FARM_046_PART2,30.957766,76.293432,10.9,8,7,17
FARM_047,30.655129,75.652568,14.7,8,6,16
FARM_048,31.103449,75.716768,13.8,3,7,16
FARM_049,31.012479,75.438871,5.2,4,10,19
FARM_050_PART1,31.050929,76.059244,15.0,12,8,19
FARM_050_PART2,31.050929,76.059244,13.9,12,8,19
FARM_051_PART1,30.97983,75.795751,15.0,19,6,17
FARM_051_PART2,30.97983,75.795751,10.2,19,6,17
FARM_052_PART1,30.94361,75.643818,15.0,17,9,17
FARM_052_PART2,30.94361,75.643818,7.7,17,9,17
FARM_054,30.616786,75.980167,7.6,13,9,18
FARM_055_PART1,31.038395,76.083368,15.0,10,8,16
FARM_055_PART2,31.038395,76.083368,15.0,10,8,16
FARM_055_PART3,31.038395,76.083368,4.3,10,8,16
FARM_056_PART1,30.799786,75.790798,15.0,5,7,20
FARM_056_PART2,30.799786,75.790798,12.3,5,7,20
FARM_058_PART1,30.557402,75.60752,15.0,16,6,20
FARM_058_PART2,30.557402,75.60752,6.5,16,6,20
FARM_059_PART1,30.680899,76.312142,15.0,5,10,18
FARM_059_PART2,30.680899,76.312142,12.1,5,10,18
FARM_060_PART1,30.648696,75.71325,15.0,14,9,20
FARM_060_PART2,30.648696,75.71325,12.7,14,9,20
FARM_061_PART1,30.495122,75.66869,15.0,5,9,17
FARM_061_PART2,30.495122,75.66869,15.0,5,9,17
FARM_061_PART3,30.495122,75.66869,4.4,5,9,17
FARM_062_PART1,31.164329,76.16419,15.0,5,7,17
FARM_062_PART2,31.164329,76.16419,0.4,5,7,17
FARM_063,31.350111,76.243957,12.8,10,7,18
FARM_064_PART1,30.904101,76.213767,15.0,4,7,16
FARM_064_PART2,30.904101,76.213767,9.8,4,7,16
FARM_065_PART1,31.268164,75.993681,15.0,12,7,18
FARM_065_PART2,31.268164,75.993681,14.0,12,7,18
FARM_066_PART1,31.044253,75.81553,15.0,5,9,18
FARM_066_PART2,31.044253,75.81553,6.4,5,9,18
FARM_067,31.221392,76.008762,11.2,13,9,17
FARM_068_PART1,30.439928,75.975531,15.0,8,10,17
FARM_068_PART2,30.439928,75.975531,0.1,8,10,17
FARM_069,31.082579,75.697902,12.8,7,9,17
FARM_070_PART1,31.097702,75.98622,15.0,4,6,20
FARM_070_PART2,31.097702,75.98622,15.0,4,6,20
FARM_070_PART3,31.097702,75.98622,1.3,4,6,20
FARM_071_PART1,31.368546,75.905249,15.0,3,6,18
FARM_071_PART2,31.368546,75.905249,2.7,3,6,18
FARM_072_PART1,30.813583,75.729295,15.0,5,9,16
FARM_072_PART2,30.813583,75.729295,13.3,5,9,16
FARM_073,31.08081,76.097186,12.1,17,6,19
FARM_074_PART1,31.227422,75.677327,15.0,17,9,19
FARM_074_PART2,31.227422,75.677327,15.0,17,9,19
FARM_074_PART3,31.227422,75.677327,1.9,17,9,19
FARM_075_PART1,31.359506,76.20442,15.0,14,9,18
FARM_075_PART2,31.359506,76.20442,0.6,14,9,18
FARM_076,30.893991,75.440561,7.8,12,6,19
FARM_077_PART1,31.073483,76.109652,15.0,7,10,20
FARM_077_PART2,31.073483,76.109652,13.7,7,10,20
FARM_078_PART1,30.895385,75.414836,15.0,5,8,20
FARM_078_PART2,30.895385,75.414836,6.5,5,8,20
FARM_079,30.75188,75.474344,9.3,10,7,19
FARM_080_PART1,31.267834,76.195758,15.0,8,7,16
FARM_080_PART2,31.267834,76.195758,2.8,8,7,16
FARM_081,31.222825,76.063519,7.4,5,8,20
FARM_082_PART1,30.771607,76.170077,15.0,13,9,19
FARM_082_PART2,30.771607,76.170077,15.0,13,9,19
FARM_082_PART3,30.771607,76.170077,3.4,13,9,19
FARM_083_PART1,30.777225,75.440778,15.0,7,8,17
FARM_083_PART2,30.777225,75.440778,13.3,7,8,17
FARM_084_PART1,31.307319,75.468474,15.0,13,7,19
FARM_084_PART2,31.307319,75.468474,4.8,13,7,19
FARM_085_PART1,30.972438,76.098251,15.0,9,6,18
FARM_085_PART2,30.972438,76.098251,13.0,9,6,18
FARM_086_PART1,30.984334,76.31945,15.0,17,6,16
FARM_086_PART2,30.984334,76.31945,1.2,17,6,16
FARM_087,30.624561,76.3205,5.4,13,10,20
FARM_088_PART1,30.444366,76.28192,15.0,4,8,18
FARM_088_PART2,30.444366,76.28192,15.0,4,8,18
FARM_088_PART3,30.444366,76.28192,2.6,4,8,18
FARM_089_PART1,31.370268,75.880375,15.0,14,6,20
FARM_089_PART2,31.370268,75.880375,8.9,14,6,20
FARM_090_PART1,31.09789,75.741479,15.0,11,9,17
FARM_090_PART2,31.09789,75.741479,12.1,11,9,17
FARM_091_PART1,31.351376,76.247541,15.0,8,7,19
FARM_091_PART2,31.351376,76.247541,3.7,8,7,19
FARM_092,31.047813,75.745545,11.9,5,6,19
FARM_094,31.003747,75.628235,9.0,3,10,17
FARM_095_PART1,30.817604,75.93844,15.0,10,7,18
FARM_095_PART2,30.817604,75.93844,15.0,10,7,18
FARM_095_PART3,30.817604,75.93844,2.6,10,7,18
FARM_097_PART1,30.777704,76.106855,15.0,17,10,16
FARM_097_PART2,30.777704,76.106855,1.8,17,10,16
FARM_098,30.869658,75.772097,13.2,16,9,16
FARM_099_PART1,30.935311,76.107188,15.0,5,10,20
FARM_099_PART2,30.935311,76.107188,15.0,5,10,20
FARM_099_PART3,30.935311,76.107188,2.4,5,10,20
FARM_100,31.158046,75.735128,12.2,9,6,18
